month_day	count	enrichment	resource
01-01	41	0.9473317718554156	biorxiv_journal_date
01-01	25	0.24237675308117296	biorxiv_preprint_date
01-01	25700510	107.19596072654713	crossref
01-02	19	0.43900740646958286	biorxiv_journal_date
01-02	38	0.3684126646833829	biorxiv_preprint_date
01-02	88304	0.3683130068623937	crossref
01-03	35	0.8086978540229158	biorxiv_journal_date
01-03	34	0.3296323841903952	biorxiv_preprint_date
01-03	41597	0.1734996845721031	crossref
01-04	40	0.9242261188833323	biorxiv_journal_date
01-04	88	0.8531661708457288	biorxiv_preprint_date
01-04	44802	0.1868676315166806	crossref
01-05	38	0.8780148129391657	biorxiv_journal_date
01-05	94	0.9113365915852103	biorxiv_preprint_date
01-05	61397	0.2560848170222231	crossref
01-06	29	0.6700639361904159	biorxiv_journal_date
01-06	51	0.49444857628559286	biorxiv_preprint_date
01-06	46697	0.19477161262743703	crossref
01-07	6	0.13863391783249984	biorxiv_journal_date
01-07	43	0.4168880152996175	biorxiv_preprint_date
01-07	49595	0.20685907292240913	crossref
01-08	40	0.9242261188833323	biorxiv_journal_date
01-08	61	0.591399277518062	biorxiv_preprint_date
01-08	49599	0.20687575678755057	crossref
01-09	36	0.831803506994999	biorxiv_journal_date
01-09	64	0.6204844878878027	biorxiv_preprint_date
01-09	52756	0.22004349735043083	crossref
01-10	41	0.9473317718554156	biorxiv_journal_date
01-10	90	0.8725563110922226	biorxiv_preprint_date
01-10	84105	0.3507991194301688	crossref
01-11	32	0.7393808951066658	biorxiv_journal_date
01-11	78	0.7562154696132596	biorxiv_preprint_date
01-11	56392	0.2352091307639983	crossref
01-12	41	0.9473317718554156	biorxiv_journal_date
01-12	70	0.6786549086272843	biorxiv_preprint_date
01-12	73452	0.306365815592233	crossref
01-13	16	0.3696904475533329	biorxiv_journal_date
01-13	44	0.4265830854228644	biorxiv_preprint_date
01-13	49326	0.2057370829916474	crossref
01-14	4	0.09242261188833323	biorxiv_journal_date
01-14	20	0.19390140246493837	biorxiv_preprint_date
01-14	50980	0.21263586122763217	crossref
01-15	34	0.7855922010508325	biorxiv_journal_date
01-15	99	0.959811942201445	biorxiv_preprint_date
01-15	113284	0.4725037446706764	crossref
01-16	37	0.8549091599670824	biorxiv_journal_date
01-16	78	0.7562154696132596	biorxiv_preprint_date
01-16	55474	0.2313801837140382	crossref
01-17	38	0.8780148129391657	biorxiv_journal_date
01-17	88	0.8531661708457288	biorxiv_preprint_date
01-17	49014	0.20443574151061522	crossref
01-18	65	1.501867443185415	biorxiv_journal_date
01-18	88	0.8531661708457288	biorxiv_preprint_date
01-18	53182	0.221820328987994	crossref
01-19	48	1.1090713426599987	biorxiv_journal_date
01-19	92	0.8919464513387165	biorxiv_preprint_date
01-19	52450	0.2187671816671108	crossref
01-20	12	0.2772678356649997	biorxiv_journal_date
01-20	39	0.3781077348066298	biorxiv_preprint_date
01-20	69107	0.28824296708234554	crossref
01-21	13	0.300373488637083	biorxiv_journal_date
01-21	30	0.29085210369740755	biorxiv_preprint_date
01-21	53461	0.22298402858160932	crossref
01-22	30	0.6931695891624993	biorxiv_journal_date
01-22	120	1.1634084147896302	biorxiv_preprint_date
01-22	52825	0.22033129402412063	crossref
01-23	38	0.8780148129391657	biorxiv_journal_date
01-23	60	0.5817042073948151	biorxiv_preprint_date
01-23	54775	0.22846467828057185	crossref
01-24	41	0.9473317718554156	biorxiv_journal_date
01-24	78	0.7562154696132596	biorxiv_preprint_date
01-24	64074	0.2672504937681307	crossref
01-25	36	0.831803506994999	biorxiv_journal_date
01-25	124	1.202188695282618	biorxiv_preprint_date
01-25	59039	0.24624967852134516	crossref
01-26	27	0.6238526302462494	biorxiv_journal_date
01-26	62	0.601094347641309	biorxiv_preprint_date
01-26	53491	0.2231091575701701	crossref
01-27	27	0.6238526302462494	biorxiv_journal_date
01-27	79	0.7659105397365066	biorxiv_preprint_date
01-27	52602	0.21940116854248543	crossref
01-28	14	0.3234791416091663	biorxiv_journal_date
01-28	46	0.44597322566935826	biorxiv_preprint_date
01-28	58556	0.24423510180551647	crossref
01-29	34	0.7855922010508325	biorxiv_journal_date
01-29	80	0.7756056098597535	biorxiv_preprint_date
01-29	56834	0.23705269786212724	crossref
01-30	39	0.9011204659112491	biorxiv_journal_date
01-30	116	1.1246281342966424	biorxiv_preprint_date
01-30	66937	0.27919197024311526	crossref
01-31	61	1.4094448312970818	biorxiv_journal_date
01-31	124	1.202188695282618	biorxiv_preprint_date
01-31	274085	1.1431992943227847	crossref
02-01	43	0.9935430777995823	biorxiv_journal_date
02-01	82	0.7949957501062473	biorxiv_preprint_date
02-01	3072910	12.817004007944353	crossref
02-02	36	0.831803506994999	biorxiv_journal_date
02-02	90	0.8725563110922226	biorxiv_preprint_date
02-02	48966	0.20423553512891796	crossref
02-03	26	0.600746977274166	biorxiv_journal_date
02-03	72	0.6980450488737782	biorxiv_preprint_date
02-03	44726	0.18655063807899327	crossref
02-04	9	0.20795087674874976	biorxiv_journal_date
02-04	43	0.4168880152996175	biorxiv_preprint_date
02-04	40137	0.1674100737954781	crossref
02-05	33	0.7624865480787492	biorxiv_journal_date
02-05	82	0.7949957501062473	biorxiv_preprint_date
02-05	58170	0.24262510881936766	crossref
02-06	43	0.9935430777995823	biorxiv_journal_date
02-06	72	0.6980450488737782	biorxiv_preprint_date
02-06	63638	0.26543195246771395	crossref
02-07	45	1.0397543837437488	biorxiv_journal_date
02-07	115	1.1149330641733957	biorxiv_preprint_date
02-07	49919	0.20821046599886564	crossref
02-08	46	1.062860036715832	biorxiv_journal_date
02-08	84	0.8143858903527411	biorxiv_preprint_date
02-08	48641	0.2028799710861761	crossref
02-09	42	0.970437424827499	biorxiv_journal_date
02-09	76	0.7368253293667658	biorxiv_preprint_date
02-09	51440	0.2145545057188976	crossref
02-10	33	0.7624865480787492	biorxiv_journal_date
02-10	56	0.5429239269018274	biorxiv_preprint_date
02-10	59935	0.24998686431302736	crossref
02-11	19	0.43900740646958286	biorxiv_journal_date
02-11	55	0.5332288567785806	biorxiv_preprint_date
02-11	50080	0.20888199157080853	crossref
02-12	36	0.831803506994999	biorxiv_journal_date
02-12	67	0.6495696982575435	biorxiv_preprint_date
02-12	53052	0.22127810337089726	crossref
02-13	60	1.3863391783249985	biorxiv_journal_date
02-13	93	0.9016415214619634	biorxiv_preprint_date
02-13	50902	0.21231052585737412	crossref
02-14	48	1.1090713426599987	biorxiv_journal_date
02-14	89	0.8628612409689758	biorxiv_preprint_date
02-14	50987	0.21266505799162969	crossref
02-15	45	1.0397543837437488	biorxiv_journal_date
02-15	101	0.9792020824479387	biorxiv_preprint_date
02-15	99641	0.41559925163951544	crossref
02-16	41	0.9473317718554156	biorxiv_journal_date
02-16	60	0.5817042073948151	biorxiv_preprint_date
02-16	51087	0.21308215462016564	crossref
02-17	23	0.531430018357916	biorxiv_journal_date
02-17	57	0.5526189970250743	biorxiv_preprint_date
02-17	47991	0.20016884300069235	crossref
02-18	9	0.20795087674874976	biorxiv_journal_date
02-18	80	0.7756056098597535	biorxiv_preprint_date
02-18	42058	0.17542250002965387	crossref
02-19	33	0.7624865480787492	biorxiv_journal_date
02-19	90	0.8725563110922226	biorxiv_preprint_date
02-19	47746	0.19914695626077925	crossref
02-20	55	1.270810913464582	biorxiv_journal_date
02-20	92	0.8919464513387165	biorxiv_preprint_date
02-20	64255	0.2680054386657808	crossref
02-21	46	1.062860036715832	biorxiv_journal_date
02-21	81	0.7853006799830003	biorxiv_preprint_date
02-21	49570	0.20675479876527514	crossref
02-22	43	0.9935430777995823	biorxiv_journal_date
02-22	125	1.2118837654058647	biorxiv_preprint_date
02-22	51813	0.21611027614333672	crossref
02-23	54	1.2477052604924987	biorxiv_journal_date
02-23	96	0.9307267318317042	biorxiv_preprint_date
02-23	56571	0.23595573372907766	crossref
02-24	19	0.43900740646958286	biorxiv_journal_date
02-24	55	0.5332288567785806	biorxiv_preprint_date
02-24	52621	0.21948041690190725	crossref
02-25	15	0.34658479458124963	biorxiv_journal_date
02-25	52	0.5041436464088398	biorxiv_preprint_date
02-25	53721	0.22406847981580283	crossref
02-26	33	0.7624865480787492	biorxiv_journal_date
02-26	106	1.0276774330641734	biorxiv_preprint_date
02-26	55519	0.23156787719687938	crossref
02-27	49	1.1321769956320822	biorxiv_journal_date
02-27	79	0.7659105397365066	biorxiv_preprint_date
02-27	57256	0.238812845634549	crossref
02-28	35	0.8086978540229158	biorxiv_journal_date
02-28	107	1.0373725031874204	biorxiv_preprint_date
02-28	95081	0.39657964537827567	crossref
02-29	5	0.11552826486041654	biorxiv_journal_date
02-29	19	0.18420633234169145	biorxiv_preprint_date
02-29	21241	0.08859549486732317	crossref
03-01	64	1.4787617902133317	biorxiv_journal_date
03-01	67	0.6495696982575435	biorxiv_preprint_date
03-01	3945202	16.455304530933248	crossref
03-02	34	0.7855922010508325	biorxiv_journal_date
03-02	106	1.0276774330641734	biorxiv_preprint_date
03-02	51203	0.21356598670926735	crossref
03-03	16	0.3696904475533329	biorxiv_journal_date
03-03	90	0.8725563110922226	biorxiv_preprint_date
03-03	51417	0.2144585734943343	crossref
03-04	8	0.18484522377666646	biorxiv_journal_date
03-04	51	0.49444857628559286	biorxiv_preprint_date
03-04	54585	0.22767219468635352	crossref
03-05	27	0.6238526302462494	biorxiv_journal_date
03-05	90	0.8725563110922226	biorxiv_preprint_date
03-05	51792	0.21602268585134415	crossref
03-06	46	1.062860036715832	biorxiv_journal_date
03-06	83	0.8046908202294942	biorxiv_preprint_date
03-06	53737	0.22413521527636857	crossref
03-07	35	0.8086978540229158	biorxiv_journal_date
03-07	118	1.1440182745431364	biorxiv_preprint_date
03-07	57822	0.24117361255206252	crossref
03-08	49	1.1321769956320822	biorxiv_journal_date
03-08	121	1.1731034849128772	biorxiv_preprint_date
03-08	53287	0.22225828044795676	crossref
03-09	56	1.2939165664366652	biorxiv_journal_date
03-09	87	0.8434711007224819	biorxiv_preprint_date
03-09	50115	0.20902797539079612	crossref
03-10	23	0.531430018357916	biorxiv_journal_date
03-10	69	0.6689598385040374	biorxiv_preprint_date
03-10	53843	0.2245773377026167	crossref
03-11	8	0.18484522377666646	biorxiv_journal_date
03-11	50	0.4847535061623459	biorxiv_preprint_date
03-11	49080	0.20471102528544893	crossref
03-12	46	1.062860036715832	biorxiv_journal_date
03-12	63	0.6107894177645559	biorxiv_preprint_date
03-12	48199	0.20103640398804715	crossref
03-13	36	0.831803506994999	biorxiv_journal_date
03-13	85	0.8240809604759881	biorxiv_preprint_date
03-13	53377	0.22263366741363913	crossref
03-14	44	1.0166487307716656	biorxiv_journal_date
03-14	114	1.1052379940501487	biorxiv_preprint_date
03-14	59452	0.24797228759719867	crossref
03-15	58	1.3401278723808319	biorxiv_journal_date
03-15	119	1.1537133446663832	biorxiv_preprint_date
03-15	139053	0.5799853748781079	crossref
03-16	37	0.8549091599670824	biorxiv_journal_date
03-16	96	0.9307267318317042	biorxiv_preprint_date
03-16	56428	0.23535928555027125	crossref
03-17	25	0.5776413243020827	biorxiv_journal_date
03-17	70	0.6786549086272843	biorxiv_preprint_date
03-17	51493	0.21477556693202166	crossref
03-18	24	0.5545356713299994	biorxiv_journal_date
03-18	81	0.7853006799830003	biorxiv_preprint_date
03-18	60461	0.2521807925791265	crossref
03-19	31	0.7162752421345826	biorxiv_journal_date
03-19	76	0.7368253293667658	biorxiv_preprint_date
03-19	49656	0.20711350186581606	crossref
03-20	28	0.6469582832183326	biorxiv_journal_date
03-20	91	0.8822513812154695	biorxiv_preprint_date
03-20	63692	0.26565718464712335	crossref
03-21	55	1.270810913464582	biorxiv_journal_date
03-21	92	0.8919464513387165	biorxiv_preprint_date
03-21	58051	0.24212876383140988	crossref
03-22	38	0.8780148129391657	biorxiv_journal_date
03-22	118	1.1440182745431364	biorxiv_preprint_date
03-22	51948	0.21667335659186027	crossref
03-23	48	1.1090713426599987	biorxiv_journal_date
03-23	132	1.2797492562685933	biorxiv_preprint_date
03-23	53868	0.2246816118597507	crossref
03-24	29	0.6700639361904159	biorxiv_journal_date
03-24	84	0.8143858903527411	biorxiv_preprint_date
03-24	51095	0.21311552235044853	crossref
03-25	26	0.600746977274166	biorxiv_journal_date
03-25	49	0.475058436039099	biorxiv_preprint_date
03-25	65141	0.2717009147946094	crossref
03-26	35	0.8086978540229158	biorxiv_journal_date
03-26	69	0.6689598385040374	biorxiv_preprint_date
03-26	54354	0.22670870147443545	crossref
03-27	60	1.3863391783249985	biorxiv_journal_date
03-27	131	1.2700541861453463	biorxiv_preprint_date
03-27	57278	0.23890460689282692	crossref
03-28	65	1.501867443185415	biorxiv_journal_date
03-28	110	1.0664577135571611	biorxiv_preprint_date
03-28	63441	0.2646102721094981	crossref
03-29	46	1.062860036715832	biorxiv_journal_date
03-29	106	1.0276774330641734	biorxiv_preprint_date
03-29	50073	0.20885279480681102	crossref
03-30	35	0.8086978540229158	biorxiv_journal_date
03-30	103	0.9985922226944326	biorxiv_preprint_date
03-30	77061	0.3214188329160958	crossref
03-31	21	0.4852187124137495	biorxiv_journal_date
03-31	102	0.9888971525711857	biorxiv_preprint_date
03-31	96792	0.40371616869252597	crossref
04-01	17	0.39279610052541625	biorxiv_journal_date
04-01	29	0.2811570335741606	biorxiv_preprint_date
04-01	3766261	15.708947652864715	crossref
04-02	38	0.8780148129391657	biorxiv_journal_date
04-02	75	0.7271302592435189	biorxiv_preprint_date
04-02	54053	0.2254532406225422	crossref
04-03	62	1.4325504842691652	biorxiv_journal_date
04-03	100	0.9695070123246918	biorxiv_preprint_date
04-03	74195	0.3094648435422552	crossref
04-04	46	1.062860036715832	biorxiv_journal_date
04-04	97	0.9404218019549511	biorxiv_preprint_date
04-04	52506	0.21900075577909092	crossref
04-05	42	0.970437424827499	biorxiv_journal_date
04-05	112	1.085847853803655	biorxiv_preprint_date
04-05	50460	0.21046695875924518	crossref
04-06	47	1.0859656896879155	biorxiv_journal_date
04-06	148	1.4348703782405439	biorxiv_preprint_date
04-06	46532	0.1940834031903527	crossref
04-07	19	0.43900740646958286	biorxiv_journal_date
04-07	79	0.7659105397365066	biorxiv_preprint_date
04-07	51136	0.21328653196814826	crossref
04-08	17	0.39279610052541625	biorxiv_journal_date
04-08	50	0.4847535061623459	biorxiv_preprint_date
04-08	46227	0.192811258473318	crossref
04-09	42	0.970437424827499	biorxiv_journal_date
04-09	93	0.9016415214619634	biorxiv_preprint_date
04-09	42797	0.1785048441145346	crossref
04-10	66	1.5249730961574983	biorxiv_journal_date
04-10	84	0.8143858903527411	biorxiv_preprint_date
04-10	59928	0.24995766754902984	crossref
04-11	52	1.201493954548332	biorxiv_journal_date
04-11	147	1.425175308117297	biorxiv_preprint_date
04-11	50966	0.21257746769963715	crossref
04-12	57	1.3170222194087486	biorxiv_journal_date
04-12	72	0.6980450488737782	biorxiv_preprint_date
04-12	51653	0.2154429215376792	crossref
04-13	46	1.062860036715832	biorxiv_journal_date
04-13	124	1.202188695282618	biorxiv_preprint_date
04-13	47237	0.1970239344215312	crossref
04-14	21	0.4852187124137495	biorxiv_journal_date
04-14	72	0.6980450488737782	biorxiv_preprint_date
04-14	49186	0.20515314771169707	crossref
04-15	18	0.4159017534974995	biorxiv_journal_date
04-15	51	0.49444857628559286	biorxiv_preprint_date
04-15	137343	0.5728530225301429	crossref
04-16	40	0.9242261188833323	biorxiv_journal_date
04-16	81	0.7853006799830003	biorxiv_preprint_date
04-16	53015	0.22112377761833896	crossref
04-17	55	1.270810913464582	biorxiv_journal_date
04-17	101	0.9792020824479387	biorxiv_preprint_date
04-17	53681	0.22390164116438843	crossref
04-18	59	1.363233525352915	biorxiv_journal_date
04-18	117	1.1343232044198894	biorxiv_preprint_date
04-18	59548	0.2483727003605932	crossref
04-19	51	1.1783883015762486	biorxiv_journal_date
04-19	80	0.7756056098597535	biorxiv_preprint_date
04-19	53967	0.2250945375220013	crossref
04-20	36	0.831803506994999	biorxiv_journal_date
04-20	133	1.2894443263918403	biorxiv_preprint_date
04-20	70339	0.2933815975459086	crossref
04-21	23	0.531430018357916	biorxiv_journal_date
04-21	81	0.7853006799830003	biorxiv_preprint_date
04-21	54224	0.2261664758573387	crossref
04-22	17	0.39279610052541625	biorxiv_journal_date
04-22	55	0.5332288567785806	biorxiv_preprint_date
04-22	51931	0.21660245016500915	crossref
04-23	47	1.0859656896879155	biorxiv_journal_date
04-23	81	0.7853006799830003	biorxiv_preprint_date
04-23	55401	0.23107570317520695	crossref
04-24	46	1.062860036715832	biorxiv_journal_date
04-24	90	0.8725563110922226	biorxiv_preprint_date
04-24	99555	0.4152405485389745	crossref
04-25	49	1.1321769956320822	biorxiv_journal_date
04-25	130	1.2603591160220995	biorxiv_preprint_date
04-25	66207	0.27614716485480273	crossref
04-26	56	1.2939165664366652	biorxiv_journal_date
04-26	108	1.0470675733106671	biorxiv_preprint_date
04-26	62087	0.2589627837591212	crossref
04-27	56	1.2939165664366652	biorxiv_journal_date
04-27	88	0.8531661708457288	biorxiv_preprint_date
04-27	66128	0.27581765851825935	crossref
04-28	24	0.5545356713299994	biorxiv_journal_date
04-28	126	1.2215788355291117	biorxiv_preprint_date
04-28	62625	0.26120676362064466	crossref
04-29	19	0.43900740646958286	biorxiv_journal_date
04-29	52	0.5041436464088398	biorxiv_preprint_date
04-29	47995	0.20018552686583377	crossref
04-30	51	1.1783883015762486	biorxiv_journal_date
04-30	110	1.0664577135571611	biorxiv_preprint_date
04-30	108562	0.4528084418712084	crossref
05-01	30	0.6931695891624993	biorxiv_journal_date
05-01	84	0.8143858903527411	biorxiv_preprint_date
05-01	3554445	14.825470258164987	crossref
05-02	47	1.0859656896879155	biorxiv_journal_date
05-02	144	1.3960900977475563	biorxiv_preprint_date
05-02	50722	0.2115597519260094	crossref
05-03	57	1.3170222194087486	biorxiv_journal_date
05-03	92	0.8919464513387165	biorxiv_preprint_date
05-03	51208	0.21358684154069416	crossref
05-04	49	1.1321769956320822	biorxiv_journal_date
05-04	131	1.2700541861453463	biorxiv_preprint_date
05-04	58791	0.24521527888257597	crossref
05-05	25	0.5776413243020827	biorxiv_journal_date
05-05	78	0.7562154696132596	biorxiv_preprint_date
05-05	55241	0.23040834856954942	crossref
05-06	11	0.2541621826929164	biorxiv_journal_date
05-06	40	0.38780280492987673	biorxiv_preprint_date
05-06	48095	0.20060262349436975	crossref
05-07	41	0.9473317718554156	biorxiv_journal_date
05-07	90	0.8725563110922226	biorxiv_preprint_date
05-07	48936	0.20411040614035716	crossref
05-08	56	1.2939165664366652	biorxiv_journal_date
05-08	116	1.1246281342966424	biorxiv_preprint_date
05-08	53072	0.22136152269660445	crossref
05-09	53	1.2245996075204153	biorxiv_journal_date
05-09	157	1.5221260093497662	biorxiv_preprint_date
05-09	49389	0.20599985386762507	crossref
05-10	56	1.2939165664366652	biorxiv_journal_date
05-10	140	1.3573098172545686	biorxiv_preprint_date
05-10	53337	0.22246682876222473	crossref
05-11	50	1.1552826486041654	biorxiv_journal_date
05-11	153	1.4833457288567786	biorxiv_preprint_date
05-11	50738	0.21162648738657516	crossref
05-12	22	0.5083243653858328	biorxiv_journal_date
05-12	76	0.7368253293667658	biorxiv_preprint_date
05-12	51581	0.2151426119651333	crossref
05-13	20	0.46211305944166614	biorxiv_journal_date
05-13	57	0.5526189970250743	biorxiv_preprint_date
05-13	53037	0.22121553887661685	crossref
05-14	19	0.43900740646958286	biorxiv_journal_date
05-14	107	1.0373725031874204	biorxiv_preprint_date
05-14	49858	0.2079560370554587	crossref
05-15	48	1.1090713426599987	biorxiv_journal_date
05-15	121	1.1731034849128772	biorxiv_preprint_date
05-15	111329	0.4643495055827984	crossref
05-16	46	1.062860036715832	biorxiv_journal_date
05-16	145	1.405785167870803	biorxiv_preprint_date
05-16	57270	0.23887123916254402	crossref
05-17	54	1.2477052604924987	biorxiv_journal_date
05-17	156	1.5124309392265192	biorxiv_preprint_date
05-17	48955	0.204189654499779	crossref
05-18	50	1.1552826486041654	biorxiv_journal_date
05-18	133	1.2894443263918403	biorxiv_preprint_date
05-18	52138	0.2174658401860786	crossref
05-19	17	0.39279610052541625	biorxiv_journal_date
05-19	69	0.6689598385040374	biorxiv_preprint_date
05-19	53677	0.223884957299247	crossref
05-20	19	0.43900740646958286	biorxiv_journal_date
05-20	38	0.3684126646833829	biorxiv_preprint_date
05-20	87538	0.3651180466878083	crossref
05-21	40	0.9242261188833323	biorxiv_journal_date
05-21	127	1.2312739056523587	biorxiv_preprint_date
05-21	53759	0.2242269765346465	crossref
05-22	50	1.1552826486041654	biorxiv_journal_date
05-22	131	1.2700541861453463	biorxiv_preprint_date
05-22	60328	0.2516260540631737	crossref
05-23	41	0.9473317718554156	biorxiv_journal_date
05-23	95	0.9210316617084573	biorxiv_preprint_date
05-23	59167	0.2467835622058712	crossref
05-24	52	1.201493954548332	biorxiv_journal_date
05-24	164	1.5899915002124947	biorxiv_preprint_date
05-24	53513	0.22320091882844803	crossref
05-25	43	0.9935430777995823	biorxiv_journal_date
05-25	174	1.6869422014449638	biorxiv_preprint_date
05-25	57751	0.240877473945802	crossref
05-26	30	0.6931695891624993	biorxiv_journal_date
05-26	59	0.5720091372715682	biorxiv_preprint_date
05-26	49209	0.20524907993626032	crossref
05-27	11	0.2541621826929164	biorxiv_journal_date
05-27	76	0.7368253293667658	biorxiv_preprint_date
05-27	56253	0.23462936645033333	crossref
05-28	30	0.6931695891624993	biorxiv_journal_date
05-28	81	0.7853006799830003	biorxiv_preprint_date
05-28	53313	0.2223667255713761	crossref
05-29	66	1.5249730961574983	biorxiv_journal_date
05-29	91	0.8822513812154695	biorxiv_preprint_date
05-29	52769	0.2200977199121405	crossref
05-30	49	1.1321769956320822	biorxiv_journal_date
05-30	183	1.774197832554186	biorxiv_preprint_date
05-30	67288	0.28065597940927645	crossref
05-31	56	1.2939165664366652	biorxiv_journal_date
05-31	163	1.5802964300892477	biorxiv_preprint_date
05-31	82329	0.3433914833073701	crossref
06-01	60	1.3863391783249985	biorxiv_journal_date
06-01	82	0.7949957501062473	biorxiv_preprint_date
06-01	4049611	16.890790949821355	crossref
06-02	24	0.5545356713299994	biorxiv_journal_date
06-02	119	1.1537133446663832	biorxiv_preprint_date
06-02	49350	0.20583718618249602	crossref
06-03	12	0.2772678356649997	biorxiv_journal_date
06-03	87	0.8434711007224819	biorxiv_preprint_date
06-03	47519	0.19820014691400262	crossref
06-04	27	0.6238526302462494	biorxiv_journal_date
06-04	118	1.1440182745431364	biorxiv_preprint_date
06-04	47182	0.19679453127583643	crossref
06-05	48	1.1090713426599987	biorxiv_journal_date
06-05	89	0.8628612409689758	biorxiv_preprint_date
06-05	57709	0.2407022933618169	crossref
06-06	62	1.4325504842691652	biorxiv_journal_date
06-06	97	0.9404218019549511	biorxiv_preprint_date
06-06	55936	0.23330717013787433	crossref
06-07	67	1.5480787491295815	biorxiv_journal_date
06-07	196	1.900233744156396	biorxiv_preprint_date
06-07	57597	0.24023514513785663	crossref
06-08	65	1.501867443185415	biorxiv_journal_date
06-08	170	1.6481619209519762	biorxiv_preprint_date
06-08	55105	0.2298410971547405	crossref
06-09	23	0.531430018357916	biorxiv_journal_date
06-09	79	0.7659105397365066	biorxiv_preprint_date
06-09	52111	0.21735322409637386	crossref
06-10	16	0.3696904475533329	biorxiv_journal_date
06-10	39	0.3781077348066298	biorxiv_preprint_date
06-10	61442	0.2562725105050643	crossref
06-11	39	0.9011204659112491	biorxiv_journal_date
06-11	115	1.1149330641733957	biorxiv_preprint_date
06-11	54520	0.22740108187780514	crossref
06-12	45	1.0397543837437488	biorxiv_journal_date
06-12	132	1.2797492562685933	biorxiv_preprint_date
06-12	57227	0.23869188761227356	crossref
06-13	57	1.3170222194087486	biorxiv_journal_date
06-13	134	1.299139396515087	biorxiv_preprint_date
06-13	60015	0.2503205416158561	crossref
06-14	42	0.970437424827499	biorxiv_journal_date
06-14	165	1.5996865703357415	biorxiv_preprint_date
06-14	58892	0.2456365464773973	crossref
06-15	60	1.3863391783249985	biorxiv_journal_date
06-15	146	1.41548023799405	biorxiv_preprint_date
06-15	117857	0.49157757349362585	crossref
06-16	25	0.5776413243020827	biorxiv_journal_date
06-16	81	0.7853006799830003	biorxiv_preprint_date
06-16	53901	0.22481925374716755	crossref
06-17	22	0.5083243653858328	biorxiv_journal_date
06-17	44	0.4265830854228644	biorxiv_preprint_date
06-17	53927	0.2249276988705869	crossref
06-18	46	1.062860036715832	biorxiv_journal_date
06-18	116	1.1246281342966424	biorxiv_preprint_date
06-18	56739	0.2366564560650181	crossref
06-19	78	1.8022409318224981	biorxiv_journal_date
06-19	118	1.1440182745431364	biorxiv_preprint_date
06-19	60801	0.25359892111614873	crossref
06-20	60	1.3863391783249985	biorxiv_journal_date
06-20	212	2.0553548661283467	biorxiv_preprint_date
06-20	79066	0.32978162031824176	crossref
06-21	65	1.501867443185415	biorxiv_journal_date
06-21	116	1.1246281342966424	biorxiv_preprint_date
06-21	57531	0.23995986136302289	crossref
06-22	57	1.3170222194087486	biorxiv_journal_date
06-22	149	1.4445654483637909	biorxiv_preprint_date
06-22	58785	0.2451902530848638	crossref
06-23	30	0.6931695891624993	biorxiv_journal_date
06-23	107	1.0373725031874204	biorxiv_preprint_date
06-23	57617	0.2403185644635638	crossref
06-24	20	0.46211305944166614	biorxiv_journal_date
06-24	56	0.5429239269018274	biorxiv_preprint_date
06-24	55370	0.2309464032203608	crossref
06-25	50	1.1552826486041654	biorxiv_journal_date
06-25	88	0.8531661708457288	biorxiv_preprint_date
06-25	61558	0.25675634259416596	crossref
06-26	67	1.5480787491295815	biorxiv_journal_date
06-26	134	1.299139396515087	biorxiv_preprint_date
06-26	57909	0.2415364866188888	crossref
06-27	71	1.6405013610179149	biorxiv_journal_date
06-27	161	1.560906289842754	biorxiv_preprint_date
06-27	58790	0.2452111079162906	crossref
06-28	75	1.7329239729062482	biorxiv_journal_date
06-28	136	1.3185295367615808	biorxiv_preprint_date
06-28	83018	0.3462652790779829	crossref
06-29	48	1.1090713426599987	biorxiv_journal_date
06-29	161	1.560906289842754	biorxiv_preprint_date
06-29	58087	0.2422789186176828	crossref
06-30	38	0.8780148129391657	biorxiv_journal_date
06-30	117	1.1343232044198894	biorxiv_preprint_date
06-30	172876	0.7210599675478254	crossref
07-01	11	0.2541621826929164	biorxiv_journal_date
07-01	28	0.2714619634509137	biorxiv_preprint_date
07-01	3691069	15.395324355935957	crossref
07-02	49	1.1321769956320822	biorxiv_journal_date
07-02	74	0.7174351891202719	biorxiv_preprint_date
07-02	54045	0.22541987289225934	crossref
07-03	74	1.7098183199341648	biorxiv_journal_date
07-03	137	1.3282246068848278	biorxiv_preprint_date
07-03	67749	0.28257879486682724	crossref
07-04	30	0.6931695891624993	biorxiv_journal_date
07-04	106	1.0276774330641734	biorxiv_preprint_date
07-04	42521	0.17735365741977535	crossref
07-05	59	1.363233525352915	biorxiv_journal_date
07-05	97	0.9404218019549511	biorxiv_preprint_date
07-05	48739	0.20328872578214133	crossref
07-06	44	1.0166487307716656	biorxiv_journal_date
07-06	144	1.3960900977475563	biorxiv_preprint_date
07-06	53971	0.22511122138714273	crossref
07-07	27	0.6238526302462494	biorxiv_journal_date
07-07	80	0.7756056098597535	biorxiv_preprint_date
07-07	57573	0.240135041947008	crossref
07-08	18	0.4159017534974995	biorxiv_journal_date
07-08	88	0.8531661708457288	biorxiv_preprint_date
07-08	50900	0.2123021839248034	crossref
07-09	41	0.9473317718554156	biorxiv_journal_date
07-09	107	1.0373725031874204	biorxiv_preprint_date
07-09	50787	0.21183086473455778	crossref
07-10	56	1.2939165664366652	biorxiv_journal_date
07-10	137	1.3282246068848278	biorxiv_preprint_date
07-10	61457	0.25633507499934466	crossref
07-11	70	1.6173957080458317	biorxiv_journal_date
07-11	111	1.076152783680408	biorxiv_preprint_date
07-11	54364	0.22675041113728905	crossref
07-12	59	1.363233525352915	biorxiv_journal_date
07-12	87	0.8434711007224819	biorxiv_preprint_date
07-12	52533	0.21911337186879562	crossref
07-13	65	1.501867443185415	biorxiv_journal_date
07-13	158	1.5318210794730132	biorxiv_preprint_date
07-13	49182	0.20513646384655562	crossref
07-14	28	0.6469582832183326	biorxiv_journal_date
07-14	69	0.6689598385040374	biorxiv_preprint_date
07-14	56557	0.23589734020108263	crossref
07-15	20	0.46211305944166614	biorxiv_journal_date
07-15	67	0.6495696982575435	biorxiv_preprint_date
07-15	134611	0.5614579426385405	crossref
07-16	45	1.0397543837437488	biorxiv_journal_date
07-16	86	0.833776030599235	biorxiv_preprint_date
07-16	52347	0.21833757213971874	crossref
07-17	63	1.4556561372412484	biorxiv_journal_date
07-17	98	0.950116872078198	biorxiv_preprint_date
07-17	52960	0.22089437447264418	crossref
07-18	63	1.4556561372412484	biorxiv_journal_date
07-18	133	1.2894443263918403	biorxiv_preprint_date
07-18	55911	0.23320289598074034	crossref
07-19	50	1.1552826486041654	biorxiv_journal_date
07-19	139	1.3476147471313216	biorxiv_preprint_date
07-19	55239	0.23040000663697868	crossref
07-20	63	1.4556561372412484	biorxiv_journal_date
07-20	139	1.3476147471313216	biorxiv_preprint_date
07-20	63780	0.266024229680235	crossref
07-21	32	0.7393808951066658	biorxiv_journal_date
07-21	97	0.9404218019549511	biorxiv_preprint_date
07-21	50679	0.21138040037573894	crossref
07-22	9	0.20795087674874976	biorxiv_journal_date
07-22	60	0.5817042073948151	biorxiv_preprint_date
07-22	45062	0.18795208275087408	crossref
07-23	38	0.8780148129391657	biorxiv_journal_date
07-23	130	1.2603591160220995	biorxiv_preprint_date
07-23	48168	0.200907104033201	crossref
07-24	61	1.4094448312970818	biorxiv_journal_date
07-24	134	1.299139396515087	biorxiv_preprint_date
07-24	53818	0.22447306354548272	crossref
07-25	63	1.4556561372412484	biorxiv_journal_date
07-25	138	1.3379196770080748	biorxiv_preprint_date
07-25	61834	0.25790752928892524	crossref
07-26	66	1.5249730961574983	biorxiv_journal_date
07-26	124	1.202188695282618	biorxiv_preprint_date
07-26	52898	0.2206357745629519	crossref
07-27	68	1.571184402101665	biorxiv_journal_date
07-27	119	1.1537133446663832	biorxiv_preprint_date
07-27	51066	0.2129945643281731	crossref
07-28	25	0.5776413243020827	biorxiv_journal_date
07-28	104	1.0082872928176796	biorxiv_preprint_date
07-28	56926	0.23743642676038032	crossref
07-29	17	0.39279610052541625	biorxiv_journal_date
07-29	53	0.5138387165320867	biorxiv_preprint_date
07-29	49453	0.20626679570988807	crossref
07-30	52	1.201493954548332	biorxiv_journal_date
07-30	120	1.1634084147896302	biorxiv_preprint_date
07-30	63671	0.2655695943551308	crossref
07-31	69	1.5942900550737482	biorxiv_journal_date
07-31	149	1.4445654483637909	biorxiv_preprint_date
07-31	77473	0.3231372710256639	crossref
08-01	53	1.2245996075204153	biorxiv_journal_date
08-01	144	1.3960900977475563	biorxiv_preprint_date
08-01	3049618	12.719853861225758	crossref
08-02	46	1.062860036715832	biorxiv_journal_date
08-02	146	1.41548023799405	biorxiv_preprint_date
08-02	57921	0.2415865382143131	crossref
08-03	47	1.0859656896879155	biorxiv_journal_date
08-03	127	1.2312739056523587	biorxiv_preprint_date
08-03	59156	0.24673768157673223	crossref
08-04	31	0.7162752421345826	biorxiv_journal_date
08-04	99	0.959811942201445	biorxiv_preprint_date
08-04	55920	0.23324043467730857	crossref
08-05	6	0.13863391783249984	biorxiv_journal_date
08-05	52	0.5041436464088398	biorxiv_preprint_date
08-05	57479	0.23974297111618417	crossref
08-06	48	1.1090713426599987	biorxiv_journal_date
08-06	80	0.7756056098597535	biorxiv_preprint_date
08-06	48630	0.20283409045703713	crossref
08-07	53	1.2245996075204153	biorxiv_journal_date
08-07	123	1.192493625159371	biorxiv_preprint_date
08-07	51737	0.21579328270564938	crossref
08-08	54	1.2477052604924987	biorxiv_journal_date
08-08	93	0.9016415214619634	biorxiv_preprint_date
08-08	54625	0.2278390333377679	crossref
08-09	67	1.5480787491295815	biorxiv_journal_date
08-09	180	1.7451126221844453	biorxiv_preprint_date
08-09	48517	0.2023627712667915	crossref
08-10	49	1.1321769956320822	biorxiv_journal_date
08-10	137	1.3282246068848278	biorxiv_preprint_date
08-10	57398	0.23940512284707005	crossref
08-11	22	0.5083243653858328	biorxiv_journal_date
08-11	75	0.7271302592435189	biorxiv_preprint_date
08-11	47698	0.19894674987908198	crossref
08-12	19	0.43900740646958286	biorxiv_journal_date
08-12	38	0.3684126646833829	biorxiv_preprint_date
08-12	55048	0.229603352076475	crossref
08-13	50	1.1552826486041654	biorxiv_journal_date
08-13	117	1.1343232044198894	biorxiv_preprint_date
08-13	46031	0.19199374908138753	crossref
08-14	68	1.571184402101665	biorxiv_journal_date
08-14	112	1.085847853803655	biorxiv_preprint_date
08-14	54108	0.225682643768237	crossref
08-15	58	1.3401278723808319	biorxiv_journal_date
08-15	97	0.9404218019549511	biorxiv_preprint_date
08-15	103345	0.4310485107604874	crossref
08-16	63	1.4556561372412484	biorxiv_journal_date
08-16	155	1.5027358691032724	biorxiv_preprint_date
08-16	53097	0.22146579685373843	crossref
08-17	43	0.9935430777995823	biorxiv_journal_date
08-17	153	1.4833457288567786	biorxiv_preprint_date
08-17	62102	0.25902534825340157	crossref
08-18	34	0.7855922010508325	biorxiv_journal_date
08-18	86	0.833776030599235	biorxiv_preprint_date
08-18	72815	0.30370891006845896	crossref
08-19	18	0.4159017534974995	biorxiv_journal_date
08-19	57	0.5526189970250743	biorxiv_preprint_date
08-19	64486	0.2689689318776989	crossref
08-20	34	0.7855922010508325	biorxiv_journal_date
08-20	132	1.2797492562685933	biorxiv_preprint_date
08-20	83012	0.34624025328027075	crossref
08-21	57	1.3170222194087486	biorxiv_journal_date
08-21	132	1.2797492562685933	biorxiv_preprint_date
08-21	70059	0.2922137269860079	crossref
08-22	65	1.501867443185415	biorxiv_journal_date
08-22	132	1.2797492562685933	biorxiv_preprint_date
08-22	74179	0.30939810808168944	crossref
08-23	69	1.5942900550737482	biorxiv_journal_date
08-23	127	1.2312739056523587	biorxiv_preprint_date
08-23	65782	0.2743745041835249	crossref
08-24	66	1.5249730961574983	biorxiv_journal_date
08-24	89	0.8628612409689758	biorxiv_preprint_date
08-24	52991	0.22102367442749032	crossref
08-25	35	0.8086978540229158	biorxiv_journal_date
08-25	130	1.2603591160220995	biorxiv_preprint_date
08-25	55747	0.23251885750994136	crossref
08-26	21	0.4852187124137495	biorxiv_journal_date
08-26	58	0.5623140671483212	biorxiv_preprint_date
08-26	58262	0.24300883771762075	crossref
08-27	45	1.0397543837437488	biorxiv_journal_date
08-27	93	0.9016415214619634	biorxiv_preprint_date
08-27	48589	0.20266308083933737	crossref
08-28	50	1.1552826486041654	biorxiv_journal_date
08-28	101	0.9792020824479387	biorxiv_preprint_date
08-28	60977	0.25433301118237206	crossref
08-29	74	1.7098183199341648	biorxiv_journal_date
08-29	162	1.5706013599660007	biorxiv_preprint_date
08-29	56249	0.23461268258519188	crossref
08-30	56	1.2939165664366652	biorxiv_journal_date
08-30	114	1.1052379940501487	biorxiv_preprint_date
08-30	68426	0.2854025390420157	crossref
08-31	54	1.2477052604924987	biorxiv_journal_date
08-31	196	1.900233744156396	biorxiv_preprint_date
08-31	100303	0.4183604313204235	crossref
09-01	39	0.9011204659112491	biorxiv_journal_date
09-01	67	0.6495696982575435	biorxiv_preprint_date
09-01	4132106	17.234874813532095	crossref
09-02	15	0.34658479458124963	biorxiv_journal_date
09-02	33	0.3199373140671483	biorxiv_preprint_date
09-02	66485	0.2773066934821327	crossref
09-03	34	0.7855922010508325	biorxiv_journal_date
09-03	91	0.8822513812154695	biorxiv_preprint_date
09-03	54432	0.2270340368446935	crossref
09-04	68	1.571184402101665	biorxiv_journal_date
09-04	154	1.4930407989800254	biorxiv_preprint_date
09-04	50275	0.20969532999645366	crossref
09-05	66	1.5249730961574983	biorxiv_journal_date
09-05	107	1.0373725031874204	biorxiv_preprint_date
09-05	55721	0.23241041238652202	crossref
09-06	61	1.4094448312970818	biorxiv_journal_date
09-06	155	1.5027358691032724	biorxiv_preprint_date
09-06	49218	0.20528661863282857	crossref
09-07	59	1.363233525352915	biorxiv_journal_date
09-07	150	1.4542605184870379	biorxiv_preprint_date
09-07	54139	0.22581194372308314	crossref
09-08	51	1.1783883015762486	biorxiv_journal_date
09-08	86	0.833776030599235	biorxiv_preprint_date
09-08	52420	0.21864205267855	crossref
09-09	22	0.5083243653858328	biorxiv_journal_date
09-09	78	0.7562154696132596	biorxiv_preprint_date
09-09	47794	0.1993471626424765	crossref
09-10	48	1.1090713426599987	biorxiv_journal_date
09-10	158	1.5318210794730132	biorxiv_preprint_date
09-10	61855	0.25799511958091775	crossref
09-11	55	1.270810913464582	biorxiv_journal_date
09-11	112	1.085847853803655	biorxiv_preprint_date
09-11	55960	0.23340727332872296	crossref
09-12	73	1.6867126669620816	biorxiv_journal_date
09-12	191	1.8517583935401614	biorxiv_preprint_date
09-12	59158	0.24674602350930294	crossref
09-13	66	1.5249730961574983	biorxiv_journal_date
09-13	125	1.2118837654058647	biorxiv_preprint_date
09-13	51103	0.2131488900807314	crossref
09-14	66	1.5249730961574983	biorxiv_journal_date
09-14	140	1.3573098172545686	biorxiv_preprint_date
09-14	60948	0.2542120531600966	crossref
09-15	44	1.0166487307716656	biorxiv_journal_date
09-15	98	0.950116872078198	biorxiv_preprint_date
09-15	114885	0.4791814616935371	crossref
09-16	21	0.4852187124137495	biorxiv_journal_date
09-16	68	0.6592647683807904	biorxiv_preprint_date
09-16	53155	0.2217077128982893	crossref
09-17	37	0.8549091599670824	biorxiv_journal_date
09-17	90	0.8725563110922226	biorxiv_preprint_date
09-17	51473	0.21469214760631444	crossref
09-18	45	1.0397543837437488	biorxiv_journal_date
09-18	144	1.3960900977475563	biorxiv_preprint_date
09-18	57763	0.24092752554122632	crossref
09-19	60	1.3863391783249985	biorxiv_journal_date
09-19	133	1.2894443263918403	biorxiv_preprint_date
09-19	61909	0.2582203517603272	crossref
09-20	84	1.940874849654998	biorxiv_journal_date
09-20	165	1.5996865703357415	biorxiv_preprint_date
09-20	62046	0.25879177414142146	crossref
09-21	65	1.501867443185415	biorxiv_journal_date
09-21	147	1.425175308117297	biorxiv_preprint_date
09-21	58461	0.2438388600084073	crossref
09-22	40	0.9242261188833323	biorxiv_journal_date
09-22	89	0.8628612409689758	biorxiv_preprint_date
09-22	55105	0.2298410971547405	crossref
09-23	13	0.300373488637083	biorxiv_journal_date
09-23	130	1.2603591160220995	biorxiv_preprint_date
09-23	55266	0.2305126227266834	crossref
09-24	51	1.1783883015762486	biorxiv_journal_date
09-24	87	0.8434711007224819	biorxiv_preprint_date
09-24	50127	0.20907802698622044	crossref
09-25	83	1.9177691966829147	biorxiv_journal_date
09-25	127	1.2312739056523587	biorxiv_preprint_date
09-25	59037	0.24624133658877442	crossref
09-26	75	1.7329239729062482	biorxiv_journal_date
09-26	148	1.4348703782405439	biorxiv_preprint_date
09-26	56175	0.23430403108007528	crossref
09-27	74	1.7098183199341648	biorxiv_journal_date
09-27	234	2.268646408839779	biorxiv_preprint_date
09-27	50574	0.21094244891577618	crossref
09-28	61	1.4094448312970818	biorxiv_journal_date
09-28	125	1.2118837654058647	biorxiv_preprint_date
09-28	59979	0.25017038682958315	crossref
09-29	41	0.9473317718554156	biorxiv_journal_date
09-29	150	1.4542605184870379	biorxiv_preprint_date
09-29	59472	0.24805570692290585	crossref
09-30	20	0.46211305944166614	biorxiv_journal_date
09-30	83	0.8046908202294942	biorxiv_preprint_date
09-30	131498	0.5484737245922161	crossref
10-01	54	1.2477052604924987	biorxiv_journal_date
10-01	91	0.8822513812154695	biorxiv_preprint_date
10-01	3783379	15.7803462537375	crossref
10-02	52	1.201493954548332	biorxiv_journal_date
10-02	148	1.4348703782405439	biorxiv_preprint_date
10-02	61441	0.2562683395387789	crossref
10-03	60	1.3863391783249985	biorxiv_journal_date
10-03	196	1.900233744156396	biorxiv_preprint_date
10-03	45815	0.19109282036374986	crossref
10-04	56	1.2939165664366652	biorxiv_journal_date
10-04	133	1.2894443263918403	biorxiv_preprint_date
10-04	42722	0.17819202164313264	crossref
10-05	58	1.3401278723808319	biorxiv_journal_date
10-05	180	1.7451126221844453	biorxiv_preprint_date
10-05	51644	0.21540538284111094	crossref
10-06	32	0.7393808951066658	biorxiv_journal_date
10-06	65	0.6301795580110497	biorxiv_preprint_date
10-06	45948	0.1916475588797027	crossref
10-07	17	0.39279610052541625	biorxiv_journal_date
10-07	85	0.8240809604759881	biorxiv_preprint_date
10-07	50361	0.21005403309699458	crossref
10-08	42	0.970437424827499	biorxiv_journal_date
10-08	99	0.959811942201445	biorxiv_preprint_date
10-08	42981	0.17927230191104077	crossref
10-09	65	1.501867443185415	biorxiv_journal_date
10-09	87	0.8434711007224819	biorxiv_preprint_date
10-09	50337	0.20995392990614595	crossref
10-10	47	1.0859656896879155	biorxiv_journal_date
10-10	120	1.1634084147896302	biorxiv_preprint_date
10-10	62083	0.25894609989397976	crossref
10-11	77	1.7791352788504147	biorxiv_journal_date
10-11	199	1.9293189545261367	biorxiv_preprint_date
10-11	44932	0.18740985713377734	crossref
10-12	51	1.1783883015762486	biorxiv_journal_date
10-12	103	0.9985922226944326	biorxiv_preprint_date
10-12	49470	0.2063377021367392	crossref
10-13	42	0.970437424827499	biorxiv_journal_date
10-13	168	1.6287717807054822	biorxiv_preprint_date
10-13	52322	0.21823329798258476	crossref
10-14	18	0.4159017534974995	biorxiv_journal_date
10-14	103	0.9985922226944326	biorxiv_preprint_date
10-14	58031	0.24204534450570267	crossref
10-15	57	1.3170222194087486	biorxiv_journal_date
10-15	89	0.8628612409689758	biorxiv_preprint_date
10-15	157197	0.6556633871596723	crossref
10-16	68	1.571184402101665	biorxiv_journal_date
10-16	181	1.7548076923076923	biorxiv_preprint_date
10-16	50303	0.20981211705244374	crossref
10-17	71	1.6405013610179149	biorxiv_journal_date
10-17	167	1.6190767105822355	biorxiv_preprint_date
10-17	53837	0.22455231190490454	crossref
10-18	71	1.6405013610179149	biorxiv_journal_date
10-18	127	1.2312739056523587	biorxiv_preprint_date
10-18	48784	0.2034764192649825	crossref
10-19	53	1.2245996075204153	biorxiv_journal_date
10-19	159	1.54151614959626	biorxiv_preprint_date
10-19	48168	0.200907104033201	crossref
10-20	34	0.7855922010508325	biorxiv_journal_date
10-20	93	0.9016415214619634	biorxiv_preprint_date
10-20	65667	0.27389484306070855	crossref
10-21	15	0.34658479458124963	biorxiv_journal_date
10-21	63	0.6107894177645559	biorxiv_preprint_date
10-21	53724	0.2240809927146589	crossref
10-22	37	0.8549091599670824	biorxiv_journal_date
10-22	146	1.41548023799405	biorxiv_preprint_date
10-22	53238	0.22205390309997414	crossref
10-23	72	1.663607013989998	biorxiv_journal_date
10-23	99	0.959811942201445	biorxiv_preprint_date
10-23	52591	0.2193552879133465	crossref
10-24	95	2.1950370323479143	biorxiv_journal_date
10-24	169	1.6384668508287292	biorxiv_preprint_date
10-24	50994	0.2126942547556272	crossref
10-25	68	1.571184402101665	biorxiv_journal_date
10-25	184	1.783892902677433	biorxiv_preprint_date
10-25	53958	0.22505699882543304	crossref
10-26	57	1.3170222194087486	biorxiv_journal_date
10-26	179	1.7354175520611983	biorxiv_preprint_date
10-26	56006	0.2335991377778495	crossref
10-27	29	0.6700639361904159	biorxiv_journal_date
10-27	95	0.9210316617084573	biorxiv_preprint_date
10-27	52952	0.22086100674236128	crossref
10-28	21	0.4852187124137495	biorxiv_journal_date
10-28	59	0.5720091372715682	biorxiv_preprint_date
10-28	56659	0.23632277876218932	crossref
10-29	43	0.9935430777995823	biorxiv_journal_date
10-29	146	1.41548023799405	biorxiv_preprint_date
10-29	46204	0.19271532624875473	crossref
10-30	72	1.663607013989998	biorxiv_journal_date
10-30	152	1.4736506587335316	biorxiv_preprint_date
10-30	64481	0.26894807704627205	crossref
10-31	73	1.6867126669620816	biorxiv_journal_date
10-31	173	1.677247131321717	biorxiv_preprint_date
10-31	153180	0.6389086155913828	crossref
11-01	74	1.7098183199341648	biorxiv_journal_date
11-01	152	1.4736506587335316	biorxiv_preprint_date
11-01	3289361	13.719813831376724	crossref
11-02	79	1.8253465847945813	biorxiv_journal_date
11-02	135	1.308834466638334	biorxiv_preprint_date
11-02	52283	0.21807063029745571	crossref
11-03	43	0.9935430777995823	biorxiv_journal_date
11-03	97	0.9404218019549511	biorxiv_preprint_date
11-03	52208	0.21775780782605375	crossref
11-04	15	0.34658479458124963	biorxiv_journal_date
11-04	113	1.095542923926902	biorxiv_preprint_date
11-04	49081	0.2047151962517343	crossref
11-05	33	0.7624865480787492	biorxiv_journal_date
11-05	154	1.4930407989800254	biorxiv_preprint_date
11-05	48439	0.20203743589653345	crossref
11-06	57	1.3170222194087486	biorxiv_journal_date
11-06	128	1.2409689757756055	biorxiv_preprint_date
11-06	50130	0.2090905398850765	crossref
11-07	82	1.8946635437108312	biorxiv_journal_date
11-07	196	1.900233744156396	biorxiv_preprint_date
11-07	52428	0.21867542040883287	crossref
11-08	66	1.5249730961574983	biorxiv_journal_date
11-08	172	1.66755206119847	biorxiv_preprint_date
11-08	48722	0.2032178193552902	crossref
11-09	59	1.363233525352915	biorxiv_journal_date
11-09	177	1.7160274118147045	biorxiv_preprint_date
11-09	49952	0.2083481078862825	crossref
11-10	51	1.1783883015762486	biorxiv_journal_date
11-10	89	0.8628612409689758	biorxiv_preprint_date
11-10	58089	0.24228726055025354	crossref
11-11	17	0.39279610052541625	biorxiv_journal_date
11-11	97	0.9404218019549511	biorxiv_preprint_date
11-11	51414	0.21444606059547824	crossref
11-12	47	1.0859656896879155	biorxiv_journal_date
11-12	101	0.9792020824479387	biorxiv_preprint_date
11-12	57941	0.24166995754002032	crossref
11-13	60	1.3863391783249985	biorxiv_journal_date
11-13	94	0.9113365915852103	biorxiv_preprint_date
11-13	51779	0.21596846328963448	crossref
11-14	75	1.7329239729062482	biorxiv_journal_date
11-14	217	2.1038302167445813	biorxiv_preprint_date
11-14	54228	0.22618315972248013	crossref
11-15	71	1.6405013610179149	biorxiv_journal_date
11-15	82	0.7949957501062473	biorxiv_preprint_date
11-15	105676	0.4407710331716606	crossref
11-16	71	1.6405013610179149	biorxiv_journal_date
11-16	156	1.5124309392265192	biorxiv_preprint_date
11-16	54511	0.22736354318123692	crossref
11-17	32	0.7393808951066658	biorxiv_journal_date
11-17	119	1.1537133446663832	biorxiv_preprint_date
11-17	53810	0.22443969581519982	crossref
11-18	16	0.3696904475533329	biorxiv_journal_date
11-18	69	0.6689598385040374	biorxiv_preprint_date
11-18	52356	0.21837511083628697	crossref
11-19	42	0.970437424827499	biorxiv_journal_date
11-19	173	1.677247131321717	biorxiv_preprint_date
11-19	46845	0.19538891563767025	crossref
11-20	83	1.9177691966829147	biorxiv_journal_date
11-20	105	1.0179823629409264	biorxiv_preprint_date
11-20	65431	0.2729104950173637	crossref
11-21	85	1.9639805026270811	biorxiv_journal_date
11-21	135	1.308834466638334	biorxiv_preprint_date
11-21	57408	0.23944683250992366	crossref
11-22	52	1.201493954548332	biorxiv_journal_date
11-22	143	1.3863950276243093	biorxiv_preprint_date
11-22	47867	0.19965164318130776	crossref
11-23	56	1.2939165664366652	biorxiv_journal_date
11-23	98	0.950116872078198	biorxiv_preprint_date
11-23	50129	0.20908636891879115	crossref
11-24	36	0.831803506994999	biorxiv_journal_date
11-24	96	0.9307267318317042	biorxiv_preprint_date
11-24	50633	0.21118853592661238	crossref
11-25	17	0.39279610052541625	biorxiv_journal_date
11-25	75	0.7271302592435189	biorxiv_preprint_date
11-25	54599	0.22773058821434855	crossref
11-26	49	1.1321769956320822	biorxiv_journal_date
11-26	118	1.1440182745431364	biorxiv_preprint_date
11-26	47288	0.19723665370208454	crossref
11-27	75	1.7329239729062482	biorxiv_journal_date
11-27	153	1.4833457288567786	biorxiv_preprint_date
11-27	49382	0.20597065710362755	crossref
11-28	91	2.102614420459581	biorxiv_journal_date
11-28	121	1.1731034849128772	biorxiv_preprint_date
11-28	54424	0.2270006691144106	crossref
11-29	70	1.6173957080458317	biorxiv_journal_date
11-29	246	2.384987250318742	biorxiv_preprint_date
11-29	52622	0.21948458786819264	crossref
11-30	65	1.501867443185415	biorxiv_journal_date
11-30	167	1.6190767105822355	biorxiv_preprint_date
11-30	92861	0.38732010022477736	crossref
12-01	43	0.9935430777995823	biorxiv_journal_date
12-01	34	0.3296323841903952	biorxiv_preprint_date
12-01	4240179	17.685643652889762	crossref
12-02	28	0.6469582832183326	biorxiv_journal_date
12-02	61	0.591399277518062	biorxiv_preprint_date
12-02	50818	0.21196016468940393	crossref
12-03	35	0.8086978540229158	biorxiv_journal_date
12-03	62	0.601094347641309	biorxiv_preprint_date
12-03	45773	0.19091763977976475	crossref
12-04	53	1.2245996075204153	biorxiv_journal_date
12-04	104	1.0082872928176796	biorxiv_preprint_date
12-04	51452	0.2146045573143219	crossref
12-05	67	1.5480787491295815	biorxiv_journal_date
12-05	59	0.5720091372715682	biorxiv_preprint_date
12-05	58465	0.24385554387354874	crossref
12-06	62	1.4325504842691652	biorxiv_journal_date
12-06	63	0.6107894177645559	biorxiv_preprint_date
12-06	48384	0.20180803275083867	crossref
12-07	60	1.3863391783249985	biorxiv_journal_date
12-07	84	0.8143858903527411	biorxiv_preprint_date
12-07	53245	0.22208309986397165	crossref
12-08	29	0.6700639361904159	biorxiv_journal_date
12-08	106	1.0276774330641734	biorxiv_preprint_date
12-08	47606	0.1985630209808289	crossref
12-09	26	0.600746977274166	biorxiv_journal_date
12-09	49	0.475058436039099	biorxiv_preprint_date
12-09	54127	0.22576189212765882	crossref
12-10	21	0.4852187124137495	biorxiv_journal_date
12-10	39	0.3781077348066298	biorxiv_preprint_date
12-10	59720	0.24909010656167505	crossref
12-11	37	0.8549091599670824	biorxiv_journal_date
12-11	83	0.8046908202294942	biorxiv_preprint_date
12-11	50393	0.21018750401812608	crossref
12-12	45	1.0397543837437488	biorxiv_journal_date
12-12	58	0.5623140671483212	biorxiv_preprint_date
12-12	53923	0.22491101500544547	crossref
12-13	42	0.970437424827499	biorxiv_journal_date
12-13	99	0.959811942201445	biorxiv_preprint_date
12-13	50399	0.21021252981583824	crossref
12-14	44	1.0166487307716656	biorxiv_journal_date
12-14	94	0.9113365915852103	biorxiv_preprint_date
12-14	54795	0.22854809760627903	crossref
12-15	39	0.9011204659112491	biorxiv_journal_date
12-15	106	1.0276774330641734	biorxiv_preprint_date
12-15	145579	0.6072051008563646	crossref
12-16	14	0.3234791416091663	biorxiv_journal_date
12-16	55	0.5332288567785806	biorxiv_preprint_date
12-16	56680	0.23641036905418186	crossref
12-17	12	0.2772678356649997	biorxiv_journal_date
12-17	44	0.4265830854228644	biorxiv_preprint_date
12-17	49169	0.20508224128484595	crossref
12-18	44	1.0166487307716656	biorxiv_journal_date
12-18	73	0.707740118997025	biorxiv_preprint_date
12-18	74650	0.3113626332020938	crossref
12-19	52	1.201493954548332	biorxiv_journal_date
12-19	71	0.6883499787505312	biorxiv_preprint_date
12-19	57036	0.23789523305176988	crossref
12-20	39	0.9011204659112491	biorxiv_journal_date
12-20	78	0.7562154696132596	biorxiv_preprint_date
12-20	76202	0.3178359728769719	crossref
12-21	55	1.270810913464582	biorxiv_journal_date
12-21	87	0.8434711007224819	biorxiv_preprint_date
12-21	58574	0.24431017919865294	crossref
12-22	47	1.0859656896879155	biorxiv_journal_date
12-22	94	0.9113365915852103	biorxiv_preprint_date
12-22	57401	0.23941763574592614	crossref
12-23	16	0.3696904475533329	biorxiv_journal_date
12-23	52	0.5041436464088398	biorxiv_preprint_date
12-23	48608	0.2027423291987592	crossref
12-24	10	0.23105652972083307	biorxiv_journal_date
12-24	56	0.5429239269018274	biorxiv_preprint_date
12-24	28527	0.11898515522245318	crossref
12-25	4	0.09242261188833323	biorxiv_journal_date
12-25	22	0.2132915427114322	biorxiv_preprint_date
12-25	24688	0.1029728156529577	crossref
12-26	9	0.20795087674874976	biorxiv_journal_date
12-26	31	0.3005471738206545	biorxiv_preprint_date
12-26	27970	0.11666192700150789	crossref
12-27	23	0.531430018357916	biorxiv_journal_date
12-27	30	0.29085210369740755	biorxiv_preprint_date
12-27	37259	0.15540603282621315	crossref
12-28	37	0.8549091599670824	biorxiv_journal_date
12-28	67	0.6495696982575435	biorxiv_preprint_date
12-28	47903	0.19980179796758069	crossref
12-29	28	0.6469582832183326	biorxiv_journal_date
12-29	53	0.5138387165320867	biorxiv_preprint_date
12-29	44255	0.1845861129585889	crossref
12-30	19	0.43900740646958286	biorxiv_journal_date
12-30	54	0.5235337866553336	biorxiv_preprint_date
12-30	85810	0.3579106169467069	crossref
12-31	9	0.20795087674874976	biorxiv_journal_date
12-31	26	0.2520718232044199	biorxiv_preprint_date
12-31	258412	1.0778277397323437	crossref
